Key;Item Type;Publication Year;Author;Title;Publication Title;ISBN;ISSN;DOI;Url;Abstract Note;Date;Date Added;Date Modified;Access Date;Pages;Num Pages;Issue;Volume;Tags;Journal Abbreviation;Short Title;Series;Series Number;Series Text;Series Title;Publisher;Place;Language;Rights;Type;Archive;Archive Location;Library Catalog;Call Number;Extra;Notes;File Attachments;Link Attachments;Manual Tags;Automatic Tags;Editor;Series Editor;Translator;Contributor;Attorney Agent;Book Author;Cast Member;Commenter;Composer;Cosponsor;Counsel;Interviewer;Producer;Recipient;Reviewed Author;Scriptwriter;Words By;Guest;Number;Edition;Running Time;Scale;Medium;Artwork Size;Filing Date;Application Number;Assignee;Issuing Authority;Country;Meeting Name;Conference Name;Court;References;Reporter;Legal Status;Priority Numbers;Programming Language;Version;System;Code;Code Number;Section;Session;Committee;History;Legislative Body
;;2022;"Gabriel, EE; Arkema, EV; Sachs, MC";Direct modeling of relative and absolute risks in register data: Mortality risk in sarcoidosis;Annals of epidemiology;;;;http://www.ncbi.nlm.nih.gov/pubmed/34775031?otool=karolib&tool=karolinska;;2022;;;;1-4.;;66;;methods;;;;;;;;;;;;;;;;;;;;;;;;;;;;;;;;;;;;;;;;;;;;;;;;;;;;;;;;;;;;;;;;;;;
;;2022;"Dehara, M; Sachs, MC; Kullberg, S; Grunewald, J; Blomberg, A; Arkema, EV";Reproductive and hormonal risk factors for sarcoidosis: a nested case-control study;BMC pulmonary medicine;;;;http://www.ncbi.nlm.nih.gov/pubmed/35073900?otool=karolib&tool=karolinska;;2022;;;;43-.;;22;1;applied;;;;;;;;;;;;;;;;;;;;;;;;;;;;;;;;;;;;;;;;;;;;;;;;;;;;;;;;;;;;;;;;;;;
;;2021;"Ludvigsson, JF; Holmgren, J; Grip, O; Halfvarson, J; Askling, J; Sachs, MC; OlÃ©n, O";Adult-onset inflammatory bowel disease and rate of serious infections compared to the general population: a nationwide register-based cohort study 2002-2017;Scandinavian journal of gastroenterology;;;;http://www.ncbi.nlm.nih.gov/pubmed/34369254?otool=karolib&tool=karolinska;;2021;;;;1152-1162.;;56;10;applied;;;;;;;;;;;;;;;;;;;;;;;;;;;;;;;;;;;;;;;;;;;;;;;;;;;;;;;;;;;;;;;;;;;
;;2021;"Lochhead, P; Khalili, H; Sachs, MC; Chan, AT; OlÃ©n, O; Ludvigsson, JF";Association Between Statin Use and Inflammatory Bowel Diseases: Results from a Swedish, Nationwide, Population-based Case-control Study;Journal of Crohn's & colitis;;;;http://www.ncbi.nlm.nih.gov/pubmed/33216873?otool=karolib&tool=karolinska;;2021;;;;757-765.;;15;5;applied;;;;;;;;;;;;;;;;;;;;;;;;;;;;;;;;;;;;;;;;;;;;;;;;;;;;;;;;;;;;;;;;;;;
;;2021;"BrÃ¶ms, G; SÃ¶derling, J; Sachs, MC; Halfvarson, J; Myrelid, P; Ludvigsson, JF; Everhov, Ã…H; OlÃ©n, O; SWIBREG study group";Capturing biologic treatment for IBD in the Swedish Prescribed Drug Register and the Swedish National Patient Register - a validation study;Scandinavian journal of gastroenterology;;;;http://www.ncbi.nlm.nih.gov/pubmed/33632044?otool=karolib&tool=karolinska;;2021;;;;410-421.;;56;4;applied;;;;;;;;;;;;;;;;;;;;;;;;;;;;;;;;;;;;;;;;;;;;;;;;;;;;;;;;;;;;;;;;;;;
;;2021;"Saccon, E; Bandera, A; SciumÃ¨, M; Mikaeloff, F; Lashari, AA; Aliberti, S; Sachs, MC; Billi, F; Blasi, F; Gabriel, EE; Costantino, G; De Roberto, P; Krishnan, S; Gori, A; Peyvandi, F; Scudeller, L; Canetta, C; Lorson, CL; Valenti, L; Singh, K; Baldini, L; Fracchiolla, NS; Neogi, U; COVID-19 Network Working Group,";Distinct Metabolic Profile Associated with a Fatal Outcome in COVID-19 Patients during the Early Epidemic in Italy;Microbiology spectrum;;;;http://www.ncbi.nlm.nih.gov/pubmed/34468185?otool=karolib&tool=karolinska;;2021;;;;e0054921-.;;9;2;applied;;;;;;;;;;;;;;;;;;;;;;;;;;;;;;;;;;;;;;;;;;;;;;;;;;;;;;;;;;;;;;;;;;;
;;2021;"Rundquist, S; Sachs, MC; Eriksson, C; Olen, O; Montgomery, S; Halfvarson, J; SWIBREG Study Grp";Drug survival of anti-TNF agents compared with vedolizumab as a second-line biological treatment in inflammatory bowel disease: results from nationwide Swedish registers;ALIMENTARY PHARMACOLOGY & THERAPEUTICS;;;;http://www.ncbi.nlm.nih.gov/pubmed/33340426?otool=karolib&tool=karolinska;;2021;;;;471-483.;;53;4;applied;;;;;;;;;;;;;;;;;;;;;;;;;;;;;;;;;;;;;;;;;;;;;;;;;;;;;;;;;;;;;;;;;;;
;;2021;"Rundquist, S; Sachs, MC; Eriksson, C; OlÃ©n, O; Montgomery, S; Halfvarson, J";Editorial: anti-TNF agents against vedolizumab as a second-line treatment? Not surprising tie game-authors' reply;Alimentary pharmacology & therapeutics;;;;http://www.ncbi.nlm.nih.gov/pubmed/33566420?otool=karolib&tool=karolinska;;2021;;;;642-643.;;53;5;applied;;;;;;;;;;;;;;;;;;;;;;;;;;;;;;;;;;;;;;;;;;;;;;;;;;;;;;;;;;;;;;;;;;;
;;2021;"Erichsen, R; OlÃ©n, O; Sachs, MC; Pedersen, L; Halfvarson, J; Askling, J; Ekbom, A; Ludvigsson, JF; SÃ¸rensen, HT";Hepatobiliary Cancer Risk in Patients with Inflammatory Bowel Disease: A Scandinavian Population-Based Cohort Study;Cancer epidemiology, biomarkers & prevention : a publication of the American Association for Cancer Research, cosponsored by the American Society of Preventive Oncology;;;;http://www.ncbi.nlm.nih.gov/pubmed/33627380?otool=karolib&tool=karolinska;;2021;;;;886-894.;;30;5;applied;;;;;;;;;;;;;;;;;;;;;;;;;;;;;;;;;;;;;;;;;;;;;;;;;;;;;;;;;;;;;;;;;;;
;;2021;"Axelrad, JE; OlÃ©n, O; Sachs, MC; Erichsen, R; Pedersen, L; Halfvarson, J; Askling, J; Ekbom, A; SÃ¸rensen, HT; Ludvigsson, JF";Inflammatory bowel disease and risk of small bowel cancer: a binational population-based cohort study from Denmark and Sweden;Gut;;;;http://www.ncbi.nlm.nih.gov/pubmed/32474410?otool=karolib&tool=karolinska;;2021;;;;297-308.;;70;2;applied;;;;;;;;;;;;;;;;;;;;;;;;;;;;;;;;;;;;;;;;;;;;;;;;;;;;;;;;;;;;;;;;;;;
;;2021;"Rundquist, S; Sachs, MC; Eriksson, C; OlÃ©n, O; Montgomery, S; Halfvarson, J";Letter: vedolizumab or a second anti-TNF-no difference in efficacy for primary biologic failures with IBD. Authors' reply;Alimentary pharmacology & therapeutics;;;;http://www.ncbi.nlm.nih.gov/pubmed/33831234?otool=karolib&tool=karolinska;;2021;;;;1046-1047.;;53;9;applied;;;;;;;;;;;;;;;;;;;;;;;;;;;;;;;;;;;;;;;;;;;;;;;;;;;;;;;;;;;;;;;;;;;
;;2021;"Chen, EY; Sachs, MC; Dickman, PW";No evidence of substantial underreporting of COVID-19 deaths in Taiwan during 2020;Journal of the Formosan Medical Association = Taiwan yi zhi;;;;http://www.ncbi.nlm.nih.gov/pubmed/33832837?otool=karolib&tool=karolinska;;2021;;;;1788-1789.;;120;9;applied;;;;;;;;;;;;;;;;;;;;;;;;;;;;;;;;;;;;;;;;;;;;;;;;;;;;;;;;;;;;;;;;;;;
;;2021;"Gabriel, EE; Sjolander, A; Sachs, MC";Nonparametric Bounds for Causal Effects in Imperfect Randomized Experiments;JOURNAL OF THE AMERICAN STATISTICAL ASSOCIATION;;;; ;;2021;;;;;;;;methods;;;;;;;;;;;;;;;;;;;;;;;;;;;;;;;;;;;;;;;;;;;;;;;;;;;;;;;;;;;;;;;;;;;
;;2021;"Gabriel, EE; Sachs, MC";ON THE USE OF NONPARAMETRIC BOUNDS FOR CAUSAL EFFECTS IN NULL RANDOMIZED TRIALS;American journal of epidemiology;;;;http://www.ncbi.nlm.nih.gov/pubmed/34017983?otool=karolib&tool=karolinska;;2021;;;;2231-.;;190;10;methods;;;;;;;;;;;;;;;;;;;;;;;;;;;;;;;;;;;;;;;;;;;;;;;;;;;;;;;;;;;;;;;;;;;
;;2021;"Axelrad, JE; OlÃ©n, O; Sachs, MC; Erichsen, R; Pedersen, L; Halfvarson, J; Askling, J; Ekbom, A; SÃ¸rensen, HT; Ludvigsson, JF";Reply: Survival in Crohn's disease-associated small bowel adenocarcinoma;Gut;;;;http://www.ncbi.nlm.nih.gov/pubmed/32873695?otool=karolib&tool=karolinska;;2021;;;;998-.;;70;5;applied;;;;;;;;;;;;;;;;;;;;;;;;;;;;;;;;;;;;;;;;;;;;;;;;;;;;;;;;;;;;;;;;;;;
;;2021;"Ludvigsson, JF; Sachs, MC; JÃ¤rÃ¥s, J; Malmborg, P; OlÃ©n, O";Serious Infections in Pediatric Inflammatory Bowel Disease 2002-2017-AÂ Nationwide Cohort Study;The Journal of pediatrics;;;;http://www.ncbi.nlm.nih.gov/pubmed/34216628?otool=karolib&tool=karolinska;;2021;;;;66-73.e1.;;238;;applied;;;;;;;;;;;;;;;;;;;;;;;;;;;;;;;;;;;;;;;;;;;;;;;;;;;;;;;;;;;;;;;;;;;
CBVMDP6U;journalArticle;2021;"Rundquist, S; Sachs, MC; Eriksson, C; Olen, O; Montgomery, S; Halfvarson, J; SWIBREGStudyGrp";Drug survival of anti-TNF agents compared with vedolizumab as a second-line biological treatment in inflammatory bowel disease: results from nationwide Swedish registers;ALIMENTARY PHARMACOLOGY & THERAPEUTICS;;0269-2813;10.1111/apt.16193;http://www.ncbi.nlm.nih.gov/pubmed/33340426?otool=karolib&tool=karolinska;;2021;2021-02-23 20:39;2021-02-23 20:39;;471-483;;4;53;applied;;;;;;;;;;;;;;;;;;;;;;;;;;;;;;;;;;;;;;;;;;;;;;;;;;;;;;;;;;;;;;;;;;;
XRYV6UGL;journalArticle;2021;"Rundquist, S; Sachs, MC; Eriksson, C; Olén, O; Montgomery, S; Halfvarson, J";Editorial: anti-TNF agents against vedolizumab as a second-line treatment? Not surprising tie game-authors' reply;Alimentary pharmacology & therapeutics;;0269-2813;10.1111/apt.16241;http://www.ncbi.nlm.nih.gov/pubmed/33566420?otool=karolib&tool=karolinska;;2021;2021-02-23 20:39;2021-02-23 20:39;;642-643;;5;53;applied;;;;;;;;;;;;;;;;;;;;;;;;;;;;;;;;;;;;;;;;;;;;;;;;;;;;;;;;;;;;;;;;;;;
TN664BB7;journalArticle;2021;"Axelrad, JE; Olén, O; Sachs, MC; Erichsen, R; Pedersen, L; Halfvarson, J; Askling, J; Ekbom, A; Sørensen, HT; Ludvigsson, JF";Inflammatory bowel disease and risk of small bowel cancer: a binational population-based cohort study from Denmark and Sweden;Gut;;0017-5749;10.1136/gutjnl-2020-320945;http://www.ncbi.nlm.nih.gov/pubmed/32474410?otool=karolib&tool=karolinska;;2021;2021-02-23 20:39;2021-02-23 20:39;;297-308;;2;70;applied;;;;;;;;;;;;;;;;;;;;;;;;;;;;;;;;;;;;;;;;;;;;;;;;;;;;;;;;;;;;;;;;;;;
LCZJHAK6;journalArticle;2021;"Lochhead, P; Khalili, H; Sachs, MC; Chan, AT; Olén, O; Ludvigsson, JF";Statin use and risk of inflammatory bowel diseases: authors' reply;Journal of Crohn's & colitis;;1873-9946;10.1093/ecco-jcc/jjab015;http://www.ncbi.nlm.nih.gov/pubmed/33474560?otool=karolib&tool=karolinska;;2021;2021-02-23 20:39;2021-02-23 20:39;;;;;;applied;;;;;;;;;;;;;;;;;;;;;;;;;;;;;;;;;;;;;;;;;;;;;;;;;;;;;;;;;;;;;;;;;;;
RCH5DZWV;journalArticle;2020;"Mouratidou, N; Malmborg, P; Sachs, MC; Askling, J; Ekbom, A; Neovius, M; Smedby, KE; Sävendahl, L; Ludvigsson, JF; Olén, O";Adult height in patients with childhood-onset inflammatory bowel disease: a nationwide population-based cohort study;Alimentary pharmacology & therapeutics;;0269-2813;10.1111/apt.15667;http://www.ncbi.nlm.nih.gov/pubmed/32133656?otool=karolib&tool=karolinska;;2020;2021-02-23 20:39;2021-02-23 20:39;;789-800;;8;51;applied;;;;;;;;;;;;;;;;;;;;;;;;;;;;;;;;;;;;;;;;;;;;;;;;;;;;;;;;;;;;;;;;;;;
EUYD6UFE;journalArticle;2020;"Sachs, MC; Sjölander, A; Gabriel, EE";Aim for Clinical Utility, Not Just Predictive Accuracy;Epidemiology (Cambridge, Mass.);;1044-3983;10.1097/EDE.0000000000001173;http://www.ncbi.nlm.nih.gov/pubmed/32091429?otool=karolib&tool=karolinska;;2020;2021-02-23 20:39;2021-02-23 20:39;;359-364;;3;31;methods;;;;;;;;;;;;;;;;;;;;;;;;;;;;;;;;;;;;;;;;;;;;;;;;;;;;;;;;;;;;;;;;;;;
6RM56TTR;journalArticle;2020;"Axelrad, JE; Sachs, MC; Ludvigsson, JF; Olén, O; SWIBREGStudyGroup";A Novel Method for Quantifying Intestinal Inflammatory Burden in Inflammatory Bowel Disease Using Register Data;Clinical epidemiology;;1179-1349;10.2147/CLEP.S265404;http://www.ncbi.nlm.nih.gov/pubmed/33116900?otool=karolib&tool=karolinska;;2020;2021-02-23 20:39;2021-02-23 20:39;;1059-1072;;;12;methods;;;;;;;;;;;;;;;;;;;;;;;;;;;;;;;;;;;;;;;;;;;;;;;;;;;;;;;;;;;;;;;;;;;
978R6XQZ;journalArticle;2020;"Lochhead, P; Khalili, H; Sachs, MC; Chan, AT; Olén, O; Ludvigsson, JF";Association between statin use and inflammatory bowel diseases: Results from a Swedish, nationwide, population-based case-control study;Journal of Crohn's & colitis;;1873-9946;10.1093/ecco-jcc/jjaa235;http://www.ncbi.nlm.nih.gov/pubmed/33216873?otool=karolib&tool=karolinska;;2020;2021-02-23 20:39;2021-02-23 20:39;;;;;;applied;;;;;;;;;;;;;;;;;;;;;;;;;;;;;;;;;;;;;;;;;;;;;;;;;;;;;;;;;;;;;;;;;;;
6R739ZC4;journalArticle;2020;"Gabriel, EE; Sachs, MC; Follmann, DA; Andersson, TML";A unified evaluation of differential vaccine efficacy;BIOMETRICS;;0006-341X;10.1111/biom.13211;http://www.ncbi.nlm.nih.gov/pubmed/31868914?otool=karolib&tool=karolinska;;2020;2021-02-23 20:39;2021-02-23 20:39;;1053-1063;;4;76;methods;;;;;;;;;;;;;;;;;;;;;;;;;;;;;;;;;;;;;;;;;;;;;;;;;;;;;;;;;;;;;;;;;;;
UW4HDZMH;journalArticle;2020;"Gabriel, EE; Sachs, MC; Sjolander, A";Causal Bounds for Outcome-Dependent Sampling in Observational Studies;JOURNAL OF THE AMERICAN STATISTICAL ASSOCIATION;;0162-1459;10.1080/01621459.2020.1832502;;;2020;2021-02-23 20:39;2021-02-23 20:39;;;;;;methods;;;;;;;;;;;;;;;;;;;;;;;;;;;;;;;;;;;;;;;;;;;;;;;;;;;;;;;;;;;;;;;;;;;
NTC8FK85;journalArticle;2020;"Olén, O; Erichsen, R; Sachs, MC; Pedersen, L; Halfvarson, J; Askling, J; Ekbom, A; Sørensen, HT; Ludvigsson, JF";Colorectal cancer in Crohn's disease: a Scandinavian population-based cohort study;The lancet. Gastroenterology & hepatology;;;10.1016/S2468-1253(20)30005-4;http://www.ncbi.nlm.nih.gov/pubmed/32066530?otool=karolib&tool=karolinska;;2020;2021-02-23 20:39;2021-02-23 20:39;;475-484;;5;5;applied;;;;;;;;;;;;;;;;;;;;;;;;;;;;;;;;;;;;;;;;;;;;;;;;;;;;;;;;;;;;;;;;;;;
ZR26JPDG;journalArticle;2020;"Olén, O; Erichsen, R; Sachs, MC; Pedersen, L; Halfvarson, J; Askling, J; Ekbom, A; Sørensen, HT; Ludvigsson, JF";Colorectal cancer in ulcerative colitis: a Scandinavian population-based cohort study;Lancet (London, England);;0140-6736;10.1016/S0140-6736(19)32545-0;http://www.ncbi.nlm.nih.gov/pubmed/31929014?otool=karolib&tool=karolinska;;2020;2021-02-23 20:39;2021-02-23 20:39;;123-131;;10218;395;applied;;;;;;;;;;;;;;;;;;;;;;;;;;;;;;;;;;;;;;;;;;;;;;;;;;;;;;;;;;;;;;;;;;;
CUNFM25B;journalArticle;2020;"Kalman, TD; Everhov, AH; Nordenvall, C; Sachs, MC; Halfvarson, J; Ekbom, A; Ludvigsson, JE; Myrelid, P; Olen, O";Decrease in primary but not in secondary abdominal surgery for Crohn's disease: nationwide cohort study, 1990-2014;BRITISH JOURNAL OF SURGERY;;0007-1323;10.1002/bjs.11659;http://www.ncbi.nlm.nih.gov/pubmed/32452553?otool=karolib&tool=karolinska;;2020;2021-02-23 20:39;2021-02-23 20:39;;1529-1538;;11;107;applied;;;;;;;;;;;;;;;;;;;;;;;;;;;;;;;;;;;;;;;;;;;;;;;;;;;;;;;;;;;;;;;;;;;
GVQZQABZ;journalArticle;2020;"Everhov, ÅH; Erichsen, R; Sachs, MC; Pedersen, L; Halfvarson, J; Askling, J; Ekbom, A; Ludvigsson, JF; Sørensen, HT; Olén, O";Inflammatory bowel disease and pancreatic cancer: a Scandinavian register-based cohort study 1969-2017;Alimentary pharmacology & therapeutics;;0269-2813;10.1111/apt.15785;http://www.ncbi.nlm.nih.gov/pubmed/32412143?otool=karolib&tool=karolinska;;2020;2021-02-23 20:39;2021-02-23 20:39;;143-154;;1;52;applied;;;;;;;;;;;;;;;;;;;;;;;;;;;;;;;;;;;;;;;;;;;;;;;;;;;;;;;;;;;;;;;;;;;
GD5X2F2P;journalArticle;2020;"Khalili, H; Burke, KE; Roelstraete, B; Sachs, MC; Olén, O; Ludvigsson, JF";Microscopic Colitis and Risk of Inflammatory Bowel Disease in a Nationwide Cohort Study;Gastroenterology;;0016-5085;10.1053/j.gastro.2019.12.028;http://www.ncbi.nlm.nih.gov/pubmed/31926169?otool=karolib&tool=karolinska;;2020;2021-02-23 20:39;2021-02-23 20:39;;1574-1583.e2;;6;158;applied;;;;;;;;;;;;;;;;;;;;;;;;;;;;;;;;;;;;;;;;;;;;;;;;;;;;;;;;;;;;;;;;;;;
GLKPXPRW;journalArticle;2020;"Olén, O; Askling, J; Sachs, MC; Neovius, M; Smedby, KE; Ekbom, A; Ludvigsson, JF";Mortality in adult-onset and elderly-onset IBD: a nationwide register-based cohort study 1964-2014;Gut;;0017-5749;10.1136/gutjnl-2018-317572;http://www.ncbi.nlm.nih.gov/pubmed/31092591?otool=karolib&tool=karolinska;;2020;2021-02-23 20:39;2021-02-23 20:39;;453-461;;3;69;applied;;;;;;;;;;;;;;;;;;;;;;;;;;;;;;;;;;;;;;;;;;;;;;;;;;;;;;;;;;;;;;;;;;;
ESP7HGIF;journalArticle;2020;"Khalili, H; Bergman, D; Roelstraete, B; Burke, KE; Sachs, MC; Olén, O; Ludvigsson, JF";Mortality of Patients With Microscopic Colitis in Sweden;Clinical gastroenterology and hepatology : the official clinical practice journal of the American Gastroenterological Association;;1542-3565;10.1016/j.cgh.2019.12.012;http://www.ncbi.nlm.nih.gov/pubmed/31857243?otool=karolib&tool=karolinska;;2020;2021-02-23 20:39;2021-02-23 20:39;;2491-2499.e3;;11;18;applied;;;;;;;;;;;;;;;;;;;;;;;;;;;;;;;;;;;;;;;;;;;;;;;;;;;;;;;;;;;;;;;;;;;
P5ILZFI8;journalArticle;2020;"Axelrad, JE; Olén, O; Sachs, MC; Erichsen, R; Pedersen, L; Halfvarson, J; Askling, J; Ekbom, A; Sørensen, HT; Ludvigsson, JF";Reply: Survival in Crohn's disease-associated small bowel adenocarcinoma;Gut;;0017-5749;10.1136/gutjnl-2020-322450;http://www.ncbi.nlm.nih.gov/pubmed/32873695?otool=karolib&tool=karolinska;;2020;2021-02-23 20:39;2021-02-23 20:39;;;;;;applied;;;;;;;;;;;;;;;;;;;;;;;;;;;;;;;;;;;;;;;;;;;;;;;;;;;;;;;;;;;;;;;;;;;
VIIV5H3V;journalArticle;2020;"Shrestha, S; Olén, O; Eriksson, C; Everhov, ÅH; Myrelid, P; Visuri, I; Ludvigsson, JF; Schoultz, I; Montgomery, S; Sachs, MC; Halfvarson, J; Olsson, M; Hjortswang, H; Bengtsson, J; Strid, H; Andersson, M; Jäghult, S; Eberhardson, M; Nordenvall, C; Björk, J; Fagerberg, UL; Rejler, M; Grip, O; Karling, P; Block, M; Angenete, E; Hellström, PM; Gustavsson, A; SWIBREGStudyGroup";The use of ICD codes to identify IBD subtypes and phenotypes of the Montreal classification in the Swedish National Patient Register;Scandinavian journal of gastroenterology;;0036-5521;10.1080/00365521.2020.1740778;http://www.ncbi.nlm.nih.gov/pubmed/32370571?otool=karolib&tool=karolinska;;2020;2021-02-23 20:39;2021-02-23 20:39;;430-435;;4;55;methods;;;;;;;;;;;;;;;;;;;;;;;;;;;;;;;;;;;;;;;;;;;;;;;;;;;;;;;;;;;;;;;;;;;
KG5FASGQ;journalArticle;2020;"Liu, B; Wanders, A; Wirdefeldt, K; Sjölander, A; Sachs, MC; Eberhardson, M; Ye, W; Ekbom, A; Olén, O; Ludvigsson, JF";Vagotomy and subsequent risk of inflammatory bowel disease: a nationwide register-based matched cohort study;Alimentary pharmacology & therapeutics;;0269-2813;10.1111/apt.15715;http://www.ncbi.nlm.nih.gov/pubmed/32319125?otool=karolib&tool=karolinska;;2020;2021-02-23 20:39;2021-02-23 20:39;;1022-1030;;11;51;applied;;;;;;;;;;;;;;;;;;;;;;;;;;;;;;;;;;;;;;;;;;;;;;;;;;;;;;;;;;;;;;;;;;;
84TQHBB8;journalArticle;2020;"Everhov, ÅH; Sachs, MC; Ludvigsson, JF; Khalili, H; Askling, J; Neovius, M; Myrelid, P; Halfvarson, J; Nordenvall, C; Söderling, J; Olén, O; SWIBREGstudygroup";Work Loss in Relation to Pharmacological and Surgical Treatment for Crohn's Disease: A Population-Based Cohort Study;Clinical epidemiology;;1179-1349;10.2147/CLEP.S244011;http://www.ncbi.nlm.nih.gov/pubmed/32210631?otool=karolib&tool=karolinska;;2020;2021-02-23 20:40;2021-02-23 20:40;;273-285;;;12;applied;;;;;;;;;;;;;;;;;;;;;;;;;;;;;;;;;;;;;;;;;;;;;;;;;;;;;;;;;;;;;;;;;;;
PDTJH3KC;journalArticle;2019;"Weimers, P; Halfvarson, J; Sachs, MC; Ludvigsson, JF; Peter, I; Olén, O; Burisch, J";Association between inflammatory bowel disease and Parkinson's disease: seek and you shall find?;Gut;;0017-5749;10.1136/gutjnl-2018-316937;http://www.ncbi.nlm.nih.gov/pubmed/30021791?otool=karolib&tool=karolinska;;2019;2021-02-23 20:40;2021-02-23 20:40;;175-176;;1;68;applied;;;;;;;;;;;;;;;;;;;;;;;;;;;;;;;;;;;;;;;;;;;;;;;;;;;;;;;;;;;;;;;;;;;
QEHNDELY;journalArticle;2019;"Everhov, ÅH; Sachs, MC; Malmborg, P; Nordenvall, C; Myrelid, P; Khalili, H; Elmberg, M; Ekbom, A; Askling, J; Jakobsson, G; Halfvarson, J; Ludvigsson, JF; Olén, O";Changes in inflammatory bowel disease subtype during follow-up and over time in 44,302 patients;Scandinavian journal of gastroenterology;;0036-5521;10.1080/00365521.2018.1564361;http://www.ncbi.nlm.nih.gov/pubmed/30700170?otool=karolib&tool=karolinska;;2019;2021-02-23 20:40;2021-02-23 20:40;;55-63;;1;54;applied;;;;;;;;;;;;;;;;;;;;;;;;;;;;;;;;;;;;;;;;;;;;;;;;;;;;;;;;;;;;;;;;;;;
4YFHX6CD;journalArticle;2019;"Malmborg, P; Mouratidou, N; Sachs, MC; Hammar, U; Khalili, H; Neovius, M; Hjern, A; Smedby, KE; Ekbom, A; Askling, J; Ludvigsson, JF; Olén, O";Effects of Childhood-onset Inflammatory Bowel Disease on School Performance: A Nationwide Population-based Cohort Study Using Swedish Health and Educational Registers;Inflammatory bowel diseases;;1078-0998;10.1093/ibd/izz040;http://www.ncbi.nlm.nih.gov/pubmed/30916332?otool=karolib&tool=karolinska;;2019;2021-02-23 20:40;2021-02-23 20:40;;1663-1673;;10;25;applied;;;;;;;;;;;;;;;;;;;;;;;;;;;;;;;;;;;;;;;;;;;;;;;;;;;;;;;;;;;;;;;;;;;
TB5GB2SJ;journalArticle;2019;"Sachs, MC; Discacciati, A; Everhov, AH; Olen, O; Gabriel, EE";Ensemble prediction of time-to-event outcomes with competing risks: a case-study of surgical complications in Crohn's disease;JOURNAL OF THE ROYAL STATISTICAL SOCIETY SERIES C-APPLIED STATISTICS;;0035-9254;10.1111/rssc.12367;;;2019;2021-02-23 20:40;2021-02-23 20:40;;1431-1446;;5;68;methods;;;;;;;;;;;;;;;;;;;;;;;;;;;;;;;;;;;;;;;;;;;;;;;;;;;;;;;;;;;;;;;;;;;
TSMLFM5E;journalArticle;2019;"Ludvigsson, JF; Mahl, M; Sachs, MC; Björk, J; Michaelsson, K; Ekbom, A; Askling, J; Backman, AS; Olén, O";Fracture Risk in Patients With Inflammatory Bowel Disease: A Nationwide Population-Based Cohort Study From 1964 to 2014;The American journal of gastroenterology;;0002-9270;10.14309/ajg.0000000000000062;http://www.ncbi.nlm.nih.gov/pubmed/30730858?otool=karolib&tool=karolinska;;2019;2021-02-23 20:40;2021-02-23 20:40;;291-304;;2;114;applied;;;;;;;;;;;;;;;;;;;;;;;;;;;;;;;;;;;;;;;;;;;;;;;;;;;;;;;;;;;;;;;;;;;
9GM2RJMU;journalArticle;2019;"Björkman, A; Shakely, D; Ali, AS; Morris, U; Mkali, H; Abbas, AK; Al-Mafazy, AW; Haji, KA; Mcha, J; Omar, R; Cook, J; Elfving, K; Petzold, M; Sachs, MC; Aydin-Schmidt, B; Drakeley, C; Msellem, M; Mårtensson, A";From high to low malaria transmission in Zanzibar-challenges and opportunities to achieve elimination;BMC medicine;;1741-7015;10.1186/s12916-018-1243-z;http://www.ncbi.nlm.nih.gov/pubmed/30665398?otool=karolib&tool=karolinska;;2019;2021-02-23 20:40;2021-02-23 20:40;;14;;1;17;applied;;;;;;;;;;;;;;;;;;;;;;;;;;;;;;;;;;;;;;;;;;;;;;;;;;;;;;;;;;;;;;;;;;;
XJ5HW4DF;journalArticle;2019;"Axelrad, JE; Olén, O; Askling, J; Lebwohl, B; Khalili, H; Sachs, MC; Ludvigsson, JF";Gastrointestinal Infection Increases Odds of Inflammatory Bowel Disease in a Nationwide Case-Control Study;Clinical gastroenterology and hepatology : the official clinical practice journal of the American Gastroenterological Association;;1542-3565;10.1016/j.cgh.2018.09.034;http://www.ncbi.nlm.nih.gov/pubmed/30389589?otool=karolib&tool=karolinska;;2019;2021-02-23 20:40;2021-02-23 20:40;;1311-1322.e7;;7;17;applied;;;;;;;;;;;;;;;;;;;;;;;;;;;;;;;;;;;;;;;;;;;;;;;;;;;;;;;;;;;;;;;;;;;
HH2G7T54;journalArticle;2019;"Olén, O; Askling, J; Sachs, MC; Frumento, P; Neovius, M; Smedby, KE; Ekbom, A; Malmborg, P; Ludvigsson, JF";Increased Mortality of Patients With Childhood-Onset Inflammatory Bowel Diseases, Compared With the General Population;Gastroenterology;;0016-5085;10.1053/j.gastro.2018.10.028;http://www.ncbi.nlm.nih.gov/pubmed/30342031?otool=karolib&tool=karolinska;;2019;2021-02-23 20:40;2021-02-23 20:40;;614-622;;3;156;applied;;;;;;;;;;;;;;;;;;;;;;;;;;;;;;;;;;;;;;;;;;;;;;;;;;;;;;;;;;;;;;;;;;;
QQPIYRPR;journalArticle;2019;"Weimers, P; Halfvarson, J; Sachs, MC; Saunders-Pullman, R; Ludvigsson, JF; Peter, I; Burisch, J; Olén, O";Inflammatory Bowel Disease and Parkinson's Disease: A Nationwide Swedish Cohort Study;Inflammatory bowel diseases;;1078-0998;10.1093/ibd/izy190;http://www.ncbi.nlm.nih.gov/pubmed/29788069?otool=karolib&tool=karolinska;;2019;2021-02-23 20:40;2021-02-23 20:40;;111-123;;1;25;applied;;;;;;;;;;;;;;;;;;;;;;;;;;;;;;;;;;;;;;;;;;;;;;;;;;;;;;;;;;;;;;;;;;;
AR3GMJM6;journalArticle;2019;"Gabriel, EE; Sachs, MC; Daniels, MJ; Halloran, ME";Optimizing and evaluating biomarker combinations as trial-level general surrogates;Statistics in medicine;;0277-6715;10.1002/sim.7996;http://www.ncbi.nlm.nih.gov/pubmed/30306600?otool=karolib&tool=karolinska;;2019;2021-02-23 20:40;2021-02-23 20:40;;1135-1146;;7;38;methods;;;;;;;;;;;;;;;;;;;;;;;;;;;;;;;;;;;;;;;;;;;;;;;;;;;;;;;;;;;;;;;;;;;
8SGGG2J6;journalArticle;2019;"Carithers, LJ; Agarwal, R; Guan, P; Odeh, H; Sachs, MC; Engel, KB; Greytak, SR; Barcus, M; Soria, C; Lih, CJ; Williams, PM; Branton, PA; Sobin, L; Fombonne, B; Bocklage, T; Andry, C; Duffy, ER; Sica, G; Dhir, R; Jewell, S; Roche, N; Moore, HM; NationalCancerInstituteBiospecimenPreanalyticalVariablesResearchProgram";The Biospecimen Preanalytical Variables Program: A Multiassay Comparison of Effects of Delay to Fixation and Fixation Duration on Nucleic Acid Quality;Archives of pathology & laboratory medicine;;0003-9985;10.5858/arpa.2018-0172-OA;http://www.ncbi.nlm.nih.gov/pubmed/30785788?otool=karolib&tool=karolinska;;2019;2021-02-23 20:40;2021-02-23 20:40;;1106-1118;;9;143;methods;;;;;;;;;;;;;;;;;;;;;;;;;;;;;;;;;;;;;;;;;;;;;;;;;;;;;;;;;;;;;;;;;;;
KCZZC27A;journalArticle;2019;Sachs, MC;The Problem of Incomplete Validation in Reporting Prediction Models;The American journal of gastroenterology;;0002-9270;10.14309/ajg.0000000000000188;http://www.ncbi.nlm.nih.gov/pubmed/31082841?otool=karolib&tool=karolinska;;2019;2021-02-23 20:40;2021-02-23 20:40;;830-831;;5;114;methods;;;;;;;;;;;;;;;;;;;;;;;;;;;;;;;;;;;;;;;;;;;;;;;;;;;;;;;;;;;;;;;;;;;
7N23YVYN;journalArticle;2018;"Morris, U; Msellem, MI; Mkali, H; Islam, A; Aydin-Schmidt, B; Jovel, I; Shija, SJ; Khamis, M; Ali, SM; Hodzic, L; Magnusson, E; Poirot, E; Bennett, A; Sachs, MC; Tarning, J; Mårtensson, A; Ali, AS; Björkman, A";A cluster randomised controlled trial of two rounds of mass drug administration in Zanzibar, a malaria pre-elimination setting-high coverage and safety, but no significant impact on transmission;BMC medicine;;1741-7015;10.1186/s12916-018-1202-8;http://www.ncbi.nlm.nih.gov/pubmed/30526588?otool=karolib&tool=karolinska;;2018;2021-02-23 20:40;2021-02-23 20:40;;215;;1;16;applied;;;;;;;;;;;;;;;;;;;;;;;;;;;;;;;;;;;;;;;;;;;;;;;;;;;;;;;;;;;;;;;;;;;
PIBLTAIP;journalArticle;2018;"Gabriel, EE; Sachs, MC; Halloran, ME";Evaluation and comparison of predictive individual-level general surrogates;Biostatistics (Oxford, England);;1465-4644;10.1093/biostatistics/kxx037;http://www.ncbi.nlm.nih.gov/pubmed/28968890?otool=karolib&tool=karolinska;;2018;2021-02-23 20:40;2021-02-23 20:40;;307-324;;3;19;methods;;;;;;;;;;;;;;;;;;;;;;;;;;;;;;;;;;;;;;;;;;;;;;;;;;;;;;;;;;;;;;;;;;;
KX6LI6BR;journalArticle;2018;"Everhov, ÅH; Halfvarson, J; Myrelid, P; Sachs, MC; Nordenvall, C; Söderling, J; Ekbom, A; Neovius, M; Ludvigsson, JF; Askling, J; Olén, O";Incidence and Treatment of Patients Diagnosed With Inflammatory Bowel Diseases at 60 Years or Older in Sweden;Gastroenterology;;0016-5085;10.1053/j.gastro.2017.10.034;http://www.ncbi.nlm.nih.gov/pubmed/29102619?otool=karolib&tool=karolinska;;2018;2021-02-23 20:40;2021-02-23 20:40;;518-528.e15;;3;154;applied;;;;;;;;;;;;;;;;;;;;;;;;;;;;;;;;;;;;;;;;;;;;;;;;;;;;;;;;;;;;;;;;;;;
WZKASZXJ;journalArticle;2018;"Fay, MP; Sachs, MC; Miura, K";Measuring precision in bioassays: Rethinking assay validation;Statistics in medicine;;0277-6715;10.1002/sim.7528;http://www.ncbi.nlm.nih.gov/pubmed/29052234?otool=karolib&tool=karolinska;;2018;2021-02-23 20:40;2021-02-23 20:40;;519-529;;4;37;methods;;;;;;;;;;;;;;;;;;;;;;;;;;;;;;;;;;;;;;;;;;;;;;;;;;;;;;;;;;;;;;;;;;;
PSNHKZB4;journalArticle;2018;"Ammerlaan, W; Trouet, J; Sachs, MC; Guan, P; Carithers, L; Lambert, P; Frasquilho, S; Antunes, L; Kofanova, O; Rohrer, D; Valley, DR; Blanski, A; Jewell, S; Moore, H; Betsou, F";Small Nucleolar RNA Score: An Assay to Detect Formalin-Overfixed Tissue;Biopreservation and biobanking;;1947-5535;10.1089/bio.2018.0042;http://www.ncbi.nlm.nih.gov/pubmed/30234371?otool=karolib&tool=karolinska;;2018;2021-02-23 20:40;2021-02-23 20:40;;467-476;;6;16;methods;;;;;;;;;;;;;;;;;;;;;;;;;;;;;;;;;;;;;;;;;;;;;;;;;;;;;;;;;;;;;;;;;;;
4P6AAL7Y;journalArticle;2017;"Olén, O; Askling, J; Sachs, MC; Frumento, P; Neovius, M; Smedby, KE; Ekbom, A; Malmborg, P; Ludvigsson, JF";Childhood onset inflammatory bowel disease and risk of cancer: a Swedish nationwide cohort study 1964-2014;BMJ (Clinical research ed.);;0959-535X;10.1136/bmj.j3951;http://www.ncbi.nlm.nih.gov/pubmed/28931512?otool=karolib&tool=karolinska;;2017;2021-02-23 20:40;2021-02-23 20:40;;j3951;;;358;applied;;;;;;;;;;;;;;;;;;;;;;;;;;;;;;;;;;;;;;;;;;;;;;;;;;;;;;;;;;;;;;;;;;;
8BFBCZ5R;journalArticle;2017;"Gabriel, EE; Sachs, MC; Gilbert, PB";Comparing and combining biomarkers as principal surrogates for time-to-event clinical endpoints (vol 34, pg 381, 2015);STATISTICS IN MEDICINE;;0277-6715;10.1002/sim.7354;http://www.ncbi.nlm.nih.gov/pubmed/28776727?otool=karolib&tool=karolinska;;2017;2021-02-23 20:40;2021-02-23 20:40;;3440;;21;36;methods;;;;;;;;;;;;;;;;;;;;;;;;;;;;;;;;;;;;;;;;;;;;;;;;;;;;;;;;;;;;;;;;;;;
EBV759JS;journalArticle;2017;"Lucas, JL; Tacheny, EA; Ferris, A; Galusha, M; Srivastava, AK; Ganguly, A; Williams, PM; Sachs, MC; Thurin, M; Tricoli, JV; Ricker, W; Gildersleeve, JC";Development and validation of a Luminex assay for detection of a predictive biomarker for PROSTVAC-VF therapy;PLOS ONE;;1932-6203;10.1371/journal.pone.0182739;http://www.ncbi.nlm.nih.gov/pubmed/28771597?otool=karolib&tool=karolinska;;2017;2021-02-23 20:40;2021-02-23 20:40;;e0182739;;8;12;applied;;;;;;;;;;;;;;;;;;;;;;;;;;;;;;;;;;;;;;;;;;;;;;;;;;;;;;;;;;;;;;;;;;;
RFG3VHU6;journalArticle;2017;Sachs, MC;plotROC: A Tool for Plotting ROC Curves;JOURNAL OF STATISTICAL SOFTWARE;;1548-7660;10.18637/jss.v079.c02;http://www.ncbi.nlm.nih.gov/pubmed/30686944?otool=karolib&tool=karolinska;;2017;2021-02-23 20:40;2021-02-23 20:40;;;;CN2;79;methods;;;;;;;;;;;;;;;;;;;;;;;;;;;;;;;;;;;;;;;;;;;;;;;;;;;;;;;;;;;;;;;;;;;
TGEN7QRJ;journalArticle;2016;"Sachs, MC; Gabriel, EE";An Introduction to Principal Surrogate Evaluation with the pseval Package;The R journal;;2073-4859;;http://www.ncbi.nlm.nih.gov/pubmed/29354294?otool=karolib&tool=karolinska;;2016;2021-02-23 20:40;2021-02-23 20:40;;277-292;;2;8;methods;;;;;;;;;;;;;;;;;;;;;;;;;;;;;;;;;;;;;;;;;;;;;;;;;;;;;;;;;;;;;;;;;;;
YZHI9I2V;journalArticle;2016;"Sachs, MC; McShane, LM";Issues in developing multivariable molecular signatures for guiding clinical care decisions;Journal of biopharmaceutical statistics;;1054-3406;10.1080/10543406.2016.1226329;http://www.ncbi.nlm.nih.gov/pubmed/27561083?otool=karolib&tool=karolinska;;2016;2021-02-23 20:40;2021-02-23 20:40;;1098-1110;;6;26;methods;;;;;;;;;;;;;;;;;;;;;;;;;;;;;;;;;;;;;;;;;;;;;;;;;;;;;;;;;;;;;;;;;;;
CAEXSXXY;journalArticle;2016;"Korn, EL; Sachs, MC; McShane, LM";Statistical controversies in clinical research: assessing pathologic complete response as a trial-level surrogate end point for early-stage breast cancer;ANNALS OF ONCOLOGY;;0923-7534;10.1093/annonc/mdv507;http://www.ncbi.nlm.nih.gov/pubmed/26489443?otool=karolib&tool=karolinska;;2016;2021-02-23 20:40;2021-02-23 20:40;;05-Oct;;1;27;methods;;;;;;;;;;;;;;;;;;;;;;;;;;;;;;;;;;;;;;;;;;;;;;;;;;;;;;;;;;;;;;;;;;;
K3NJXCTR;journalArticle;2015;"Gabriel, EE; Sachs, MC; Gilbert, PB";Comparing and combining biomarkers as principle surrogates for time-to-event clinical endpoints;STATISTICS IN MEDICINE;;0277-6715;10.1002/sim.6349;http://www.ncbi.nlm.nih.gov/pubmed/25352131?otool=karolib&tool=karolinska;;2015;2021-02-23 20:40;2021-02-23 20:40;;381-95;;3;34;methods;;;;;;;;;;;;;;;;;;;;;;;;;;;;;;;;;;;;;;;;;;;;;;;;;;;;;;;;;;;;;;;;;;;
87766MPW;journalArticle;2015;"Carrick, DM; Mehaffey, MG; Sachs, MC; Altekruse, S; Camalier, C; Chuaqui, R; Cozen, W; Das, B; Hernandez, BY; Lih, CJ; Lynch, CF; Makhlouf, H; McGregor, P; McShane, LM; Rohan, JP; Walsh, WD; Williams, PM; Gillanders, EM; Mechanic, LE; Schully, SD";Robustness of Next Generation Sequencing on Older Formalin-Fixed Paraffin-Embedded Tissue;PLOS ONE;;1932-6203;10.1371/journal.pone.0127353;http://www.ncbi.nlm.nih.gov/pubmed/26222067?otool=karolib&tool=karolinska;;2015;2021-02-23 20:40;2021-02-23 20:40;;e0127353;;7;10;methods;;;;;;;;;;;;;;;;;;;;;;;;;;;;;;;;;;;;;;;;;;;;;;;;;;;;;;;;;;;;;;;;;;;
P6CCBHJT;journalArticle;2015;Sachs, MC;Statistical principles for omics-based clinical trials;Chinese clinical oncology;;2304-3865;10.3978/j.issn.2304-3865.2015.01.02;http://www.ncbi.nlm.nih.gov/pubmed/26408296?otool=karolib&tool=karolinska;;2015;2021-02-23 20:40;2021-02-23 20:40;;29;;3;4;methods;;;;;;;;;;;;;;;;;;;;;;;;;;;;;;;;;;;;;;;;;;;;;;;;;;;;;;;;;;;;;;;;;;;
A566BT9W;journalArticle;2014;"vanBallegooijen, AJ; Kestenbaum, B; Sachs, MC; deBoer, IH; Siscovick, DS; Hoofnagle, AN; Ix, JH; Visser, M; Brouwer, IA";Association of 25-Hydroxyvitamin D and Parathyroid Hormone With Incident Hypertension MESA (Multi-Ethnic Study of Atherosclerosis);JOURNAL OF THE AMERICAN COLLEGE OF CARDIOLOGY;;0735-1097;10.1016/j.jacc.2014.01.012;http://www.ncbi.nlm.nih.gov/pubmed/24480627?otool=karolib&tool=karolinska;;2014;2021-02-23 20:40;2021-02-23 20:40;;1214-1222;;12;63;applied;;;;;;;;;;;;;;;;;;;;;;;;;;;;;;;;;;;;;;;;;;;;;;;;;;;;;;;;;;;;;;;;;;;
U3LHT2KN;journalArticle;2014;"Ringman, JM; Sachs, MC; Zhou, Y; Monsell, SE; Saver, JL; Vinters, HV";Clinical Predictors of Severe Cerebral Amyloid Angiopathy and Influence of APOE Genotype in Persons With Pathologically Verified Alzheimer Disease;JAMA NEUROLOGY;;2168-6149;10.1001/jamaneurol.2014.681;http://www.ncbi.nlm.nih.gov/pubmed/24797962?otool=karolib&tool=karolinska;;2014;2021-02-23 20:40;2021-02-23 20:40;;878-83;;7;71;applied;;;;;;;;;;;;;;;;;;;;;;;;;;;;;;;;;;;;;;;;;;;;;;;;;;;;;;;;;;;;;;;;;;;
QIK2PC65;journalArticle;2014;"deBoer, IH; Sachs, MC; Chonchol, M; Himmelfarb, J; Hoofnagle, AN; Ix, JH; Kremsdorf, RA; Lin, YS; Mehrotra, R; Robinson-Cohen, C; Siscovick, DS; Steffes, MW; Thummel, KE; Tracy, RP; Wang, ZC; Kestenbaum, B";Estimated GFR and Circulating 24,25-Dihydroxyvitamin D-3 Concentration: A Participant-Level Analysis of 5 Cohort Studies and Clinical Trials;AMERICAN JOURNAL OF KIDNEY DISEASES;;0272-6386;10.1053/j.ajkd.2014.02.015;http://www.ncbi.nlm.nih.gov/pubmed/24703961?otool=karolib&tool=karolinska;;2014;2021-02-23 20:40;2021-02-23 20:40;;187-97;;2;64;applied;;;;;;;;;;;;;;;;;;;;;;;;;;;;;;;;;;;;;;;;;;;;;;;;;;;;;;;;;;;;;;;;;;;
CX66ZK7Z;journalArticle;2014;"Kestenbaum, B; Sachs, MC; Hoofnagle, AN; Siscovick, DS; Ix, JH; Robinson-Cohen, C; Lima, JAC; Polak, JF; Blondon, M; Ruzinski, J; Rock, D; deBoer, IH";Fibroblast Growth Factor-23 and Cardiovascular Disease in the General Population The Multi-Ethnic Study of Atherosclerosis;CIRCULATION-HEART FAILURE;;1941-3289;10.1161/CIRCHEARTFAILURE.113.000952;http://www.ncbi.nlm.nih.gov/pubmed/24668259?otool=karolib&tool=karolinska;;2014;2021-02-23 20:40;2021-02-23 20:40;;409-17;;3;7;applied;;;;;;;;;;;;;;;;;;;;;;;;;;;;;;;;;;;;;;;;;;;;;;;;;;;;;;;;;;;;;;;;;;;
Z98B2R6H;journalArticle;2014;"Mathew, JS; Sachs, MC; Katz, R; Patton, KK; Heckbert, SR; Hoofnagle, AN; Alonso, A; Chonchol, M; Deo, R; Ix, JH; Siscovick, DS; Kestenbaum, B; deBoer, IH";Fibroblast Growth Factor-23 and Incident Atrial Fibrillation The Multi-Ethnic Study of Atherosclerosis (MESA) and the Cardiovascular Health Study (CHS);CIRCULATION;;0009-7322;10.1161/CIRCULATIONAHA.113.005499;http://www.ncbi.nlm.nih.gov/pubmed/24920722?otool=karolib&tool=karolinska;;2014;2021-02-23 20:40;2021-02-23 20:40;;298-307;;4;130;applied;;;;;;;;;;;;;;;;;;;;;;;;;;;;;;;;;;;;;;;;;;;;;;;;;;;;;;;;;;;;;;;;;;;
8MRBWQCD;journalArticle;2014;"Robinson-Cohen, C; Littman, AJ; Duncan, GE; Weiss, NS; Sachs, MC; Ruzinski, J; Kundzins, J; Rock, D; deBoer, IH; Ikizler, TA; Himmelfarb, J; Kestenbaum, BR";Physical Activity and Change in Estimated GFR among Persons with CKD;JOURNAL OF THE AMERICAN SOCIETY OF NEPHROLOGY;;1046-6673;10.1681/ASN.2013040392;http://www.ncbi.nlm.nih.gov/pubmed/24335971?otool=karolib&tool=karolinska;;2014;2021-02-23 20:40;2021-02-23 20:40;;399-406;;2;25;applied;;;;;;;;;;;;;;;;;;;;;;;;;;;;;;;;;;;;;;;;;;;;;;;;;;;;;;;;;;;;;;;;;;;
WXMP75FW;journalArticle;2014;"Linefsky, JP; O'Brien, KD; Sachs, M; Katz, R; Eng, J; Michos, ED; Budoff, MJ; deBoer, I; Kestenbaum, B";Serum phosphate is associated with aortic valve calcification in the Multi-ethnic Study of Atherosclerosis (MESA);ATHEROSCLEROSIS;;0021-9150;10.1016/j.atherosclerosis.2013.12.051;http://www.ncbi.nlm.nih.gov/pubmed/24530958?otool=karolib&tool=karolinska;;2014;2021-02-23 20:40;2021-02-23 20:40;;331-337;;2;233;applied;;;;;;;;;;;;;;;;;;;;;;;;;;;;;;;;;;;;;;;;;;;;;;;;;;;;;;;;;;;;;;;;;;;
HHVMVJJ3;journalArticle;2013;"Blondon, M; Sachs, M; Hoofnagle, AN; Ix, JH; Michos, ED; Korcarz, C; Gepner, AD; Siscovick, DS; Kaufman, JD; Stein, JH; Kestenbaum, B; deBoer, IH";25-Hydroxyvitamin D and Parathyroid Hormone Are Not Associated With Carotid Intima-Media Thickness or Plaque in the Multi-Ethnic Study of Atherosclerosis;ARTERIOSCLEROSIS THROMBOSIS AND VASCULAR BIOLOGY;;1079-5642;10.1161/ATVBAHA.113.301781;http://www.ncbi.nlm.nih.gov/pubmed/23814117?otool=karolib&tool=karolinska;;2013;2021-02-23 20:40;2021-02-23 20:40;;2639-45;;11;33;applied;;;;;;;;;;;;;;;;;;;;;;;;;;;;;;;;;;;;;;;;;;;;;;;;;;;;;;;;;;;;;;;;;;;
WFX56CRF;journalArticle;2013;"Sachs, MC; Brunzell, JD; Cleary, PA; Hoofnagle, AN; Lachin, JM; Molitch, ME; Steffes, MW; Zinman, B; deBoer, IH; DiabetControlComplicationsTrial";Circulating Vitamin D Metabolites and Subclinical Atherosclerosis in Type 1 Diabetes;DIABETES CARE;;0149-5992;10.2337/dc12-2020;http://www.ncbi.nlm.nih.gov/pubmed/23530012?otool=karolib&tool=karolinska;;2013;2021-02-23 20:40;2021-02-23 20:40;;23-Sep;;8;36;applied;;;;;;;;;;;;;;;;;;;;;;;;;;;;;;;;;;;;;;;;;;;;;;;;;;;;;;;;;;;;;;;;;;;
QSAQ7VYQ;journalArticle;2013;"Sachs, MC; Shoben, A; Levin, GP; Robinson-Cohen, C; Hoofnagle, AN; Swords-Jenny, N; Ix, JH; Budoff, M; Lutsey, PL; Siscovick, DS; Kestenbaum, B; deBoer, IH";Estimating mean annual 25-hydroxyvitamin D concentrations from single measurements: the Multi-Ethnic Study of Atherosclerosis;AMERICAN JOURNAL OF CLINICAL NUTRITION;;0002-9165;10.3945/ajcn.112.054502;http://www.ncbi.nlm.nih.gov/pubmed/23615830?otool=karolib&tool=karolinska;;2013;2021-02-23 20:40;2021-02-23 20:40;;1243-51;;6;97;methods;;;;;;;;;;;;;;;;;;;;;;;;;;;;;;;;;;;;;;;;;;;;;;;;;;;;;;;;;;;;;;;;;;;
37INAIBC;journalArticle;2013;"Afkarian, M; Sachs, MC; Kestenbaum, B; Hirsch, IB; Tuttle, KR; Hinnmelfarb, J; deBoer, IH";Kidney Disease and Increased Mortality Risk in Type 2 Diabetes;JOURNAL OF THE AMERICAN SOCIETY OF NEPHROLOGY;;1046-6673;10.1681/ASN.2012070718;http://www.ncbi.nlm.nih.gov/pubmed/23362314?otool=karolib&tool=karolinska;;2013;2021-02-23 20:40;2021-02-23 20:40;;302-8;;2;24;applied;;;;;;;;;;;;;;;;;;;;;;;;;;;;;;;;;;;;;;;;;;;;;;;;;;;;;;;;;;;;;;;;;;;
CNMVK3YS;journalArticle;2013;"Mehrotra, R; Peralta, CA; Chen, SC; Li, SY; Sachs, M; Shah, A; Norris, K; Saab, G; Whaley-Connell, A; Kestenbaum, B; McCullough, PA; KidneyEarlyEvaluationProgram";No independent association of serum phosphorus with risk for death or progression to end-stage renal disease in a large screen for chronic kidney disease;KIDNEY INTERNATIONAL;;0085-2538;10.1038/ki.2013.145;http://www.ncbi.nlm.nih.gov/pubmed/23615501?otool=karolib&tool=karolinska;;2013;2021-02-23 20:40;2021-02-23 20:40;;989-97;;5;84;applied;;;;;;;;;;;;;;;;;;;;;;;;;;;;;;;;;;;;;;;;;;;;;;;;;;;;;;;;;;;;;;;;;;;
B6PKPKHT;journalArticle;2013;"Bosworth, C; Sachs, MC; Duprez, D; Hoofnagle, AN; Ix, JH; Jacobs, DR; Peralta, CA; Siscovick, DS; Kestenbaum, B; deBoer, IH";Parathyroid hormone and arterial dysfunction in the multi-ethnic study of atherosclerosis;CLINICAL ENDOCRINOLOGY;;0300-0664;10.1111/cen.12163;http://www.ncbi.nlm.nih.gov/pubmed/23402353?otool=karolib&tool=karolinska;;2013;2021-02-23 20:40;2021-02-23 20:40;;429-36;;3;79;applied;;;;;;;;;;;;;;;;;;;;;;;;;;;;;;;;;;;;;;;;;;;;;;;;;;;;;;;;;;;;;;;;;;;
ISNYRP9B;journalArticle;2013;"deBoer, IH; Sachs, M; Hoofnagle, AN; Utzschneider, KM; Kahn, SE; Kestenbaum, B; Himmelfarb, J";Paricalcitol does not improve glucose metabolism in patients with stage 3-4 chronic kidney disease;KIDNEY INTERNATIONAL;;0085-2538;10.1038/ki.2012.311;http://www.ncbi.nlm.nih.gov/pubmed/22913981?otool=karolib&tool=karolinska;;2013;2021-02-23 20:40;2021-02-23 20:40;;323-30;;2;83;applied;;;;;;;;;;;;;;;;;;;;;;;;;;;;;;;;;;;;;;;;;;;;;;;;;;;;;;;;;;;;;;;;;;;
4ZG9DBVN;journalArticle;2013;"Sachs, MC; Zhou, XH";Partial summary measures of the predictiveness curve;BIOMETRICAL JOURNAL;;0323-3847;10.1002/bimj.201200146;http://www.ncbi.nlm.nih.gov/pubmed/23508801?otool=karolib&tool=karolinska;;2013;2021-02-23 20:40;2021-02-23 20:40;;589-602;;4;55;methods;;;;;;;;;;;;;;;;;;;;;;;;;;;;;;;;;;;;;;;;;;;;;;;;;;;;;;;;;;;;;;;;;;;
U4WHKC7Q;journalArticle;2013;"Robinson-Cohen, C; Hoofnagle, AN; Ix, JH; Sachs, MC; Tracy, RP; Siscovick, DS; Kestenbaum, BR; deBoer, IH";Racial Differences in the Association of Serum 25-Hydroxyvitamin D Concentration With Coronary Heart Disease Events;JAMA-JOURNAL OF THE AMERICAN MEDICAL ASSOCIATION;;0098-7484;10.1001/jama.2013.7228;http://www.ncbi.nlm.nih.gov/pubmed/23839752?otool=karolib&tool=karolinska;;2013;2021-02-23 20:40;2021-02-23 20:40;;179-88;;2;310;applied;;;;;;;;;;;;;;;;;;;;;;;;;;;;;;;;;;;;;;;;;;;;;;;;;;;;;;;;;;;;;;;;;;;
EKALZE42;journalArticle;2012;"deBoer, IH; Sachs, MC; Cleary, PA; Hoofnagle, AN; Lachin, JM; Molitch, ME; Steffes, MW; Sun, WJ; Zinman, B; Brunzell, JD; DiabetControlComplicationTrial";Circulating Vitamin D Metabolites and Kidney Disease in Type 1 Diabetes;JOURNAL OF CLINICAL ENDOCRINOLOGY & METABOLISM;;0021-972X;10.1210/jc.2012-2852;http://www.ncbi.nlm.nih.gov/pubmed/22990096?otool=karolib&tool=karolinska;;2012;2021-02-23 20:40;2021-02-23 20:40;;Aug-80;;12;97;applied;;;;;;;;;;;;;;;;;;;;;;;;;;;;;;;;;;;;;;;;;;;;;;;;;;;;;;;;;;;;;;;;;;;
QBCLENBA;journalArticle;2010;"Hernandez, S; McClendon, MJ; Zhou, XH; Sachs, M; Lerner, AJ";Pharmacological treatment of Alzheimer's disease: effect of race and demographic variables;Journal of Alzheimer's disease : JAD;;1387-2877;10.3233/JAD-2010-1269;http://www.ncbi.nlm.nih.gov/pubmed/20110610?otool=karolib&tool=karolinska;;2010;2021-02-23 20:40;2021-02-23 20:40;;665-72;;2;19;applied;;;;;;;;;;;;;;;;;;;;;;;;;;;;;;;;;;;;;;;;;;;;;;;;;;;;;;;;;;;;;;;;;;;
4H9GJ4VP;journalArticle;2009;"Newman, AB; Arnold, AM; Sachs, MC; Ives, DG; Cushman, M; Strotmeyer, ES; Ding, JZ; Kritchevsky, SB; Chaves, PHM; Fried, LP; Robbins, J";Long-Term Function in an Older Cohort-The Cardiovascular Health Study All Stars Study;JOURNAL OF THE AMERICAN GERIATRICS SOCIETY;;0002-8614;10.1111/j.1532-5415.2008.02152.x;http://www.ncbi.nlm.nih.gov/pubmed/19187412?otool=karolib&tool=karolinska;;2009;2021-02-23 20:40;2021-02-23 20:40;;432-40;;3;57;applied;;;;;;;;;;;;;;;;;;;;;;;;;;;;;;;;;;;;;;;;;;;;;;;;;;;;;;;;;;;;;;;;;;;
66JBEUKY;journalArticle;2009;"Sachs, MC; Enright, PL; Stukovsky, KDH; Jiang, R; Barr, RG; Multi-EthnicStudyAtherosclerosis";Performance of Maximum Inspiratory Pressure Tests and Maximum Inspiratory Pressure Reference Equations for 4 Race/Ethnic Groups;RESPIRATORY CARE;;0020-1324;;http://www.ncbi.nlm.nih.gov/pubmed/19796411?otool=karolib&tool=karolinska;;2009;2021-02-23 20:40;2021-02-23 20:40;;1321-8;;10;54;applied;;;;;;;;;;;;;;;;;;;;;;;;;;;;;;;;;;;;;;;;;;;;;;;;;;;;;;;;;;;;;;;;;;;
HV6HG5JG;journalArticle;2009;"Newman, AB; Sachs, MC; Arnold, AM; Fried, LP; Kronmal, R; Cushman, M; Psaty, BM; Harris, TB; Robbins, JA; Burke, GL; Kuller, LH; Lumley, T";Total and Cause-Specific Mortality in the Cardiovascular Health Study;JOURNALS OF GERONTOLOGY SERIES A-BIOLOGICAL SCIENCES AND MEDICAL SCIENCES;;1079-5006;10.1093/gerona/glp127;http://www.ncbi.nlm.nih.gov/pubmed/19723772?otool=karolib&tool=karolinska;;2009;2021-02-23 20:40;2021-02-23 20:40;;1251-61;;12;64;applied;;;;;;;;;;;;;;;;;;;;;;;;;;;;;;;;;;;;;;;;;;;;;;;;;;;;;;;;;;;;;;;;;;;
